Workbook

Sheet Overview
B2: Veltrixa Cloud Public-Source Vendor Security Assessment
B3: Third-Party Security · Privacy · AI Governance
B5: DOCUMENT CONTROL
B6: Organization Name: | C6: Veltrixa ApS
B7: Department / Team: | C7: Information Security & Compliance
B8: Document Owner: | C8: Information Security Manager
B9: Author / Prepared By: | C9: Christian Vinther
B10: Version: | C10: 1.0
B11: Status: | C11: Portfolio Sample
B12: Date Created: | C12: 46244
B13: Last Reviewed: | C13: 46256
B14: Next Review Date: | C14: 46613
B15: Classification: | C15: Public — Portfolio Sample
B17: Distribution: | C17: Public — Portfolio demonstration purposes
B18: Assessment scope: | C18: This assessment reviews AWS as a cloud infrastructure provider based on publicly available security and assurance evidence. It does not assess customer-specific AWS configurations or replace service-specific security reviews under the shared responsibility model.
B19: Portfolio Disclaimer: | C19: This Vendor Security Assessment has been developed solely for portfolio and educational purposes to demonstrate my understanding of third-party risk management (TPRM), vendor security assessments, and evidence-based security reviews. Amazon Web Services (AWS) has been selected as a representative example of a critical cloud service provider. The assessment is based exclusively on publicly available documentation and should not be interpreted as an official or complete security assessment of AWS. In a real-world vendor assessment, a critical supplier such as AWS would typically be evaluated using a substantially more comprehensive questionnaire, supplemented by confidential evidence (e.g. SOC reports, AWS Artifact documentation, customer agreements, and direct responses from the vendor). For this portfolio project, I have intentionally selected a limited set of representative questions across key domains—including Governance, Information Security, Privacy, Identity & Access Management, Business Continuity, Third-Party Risk, and AI Governance—to develop and demonstrate practical assessment skills.
B20: Assessment Method: | C20: Public-source desktop review — vendor did not participate or attest to the responses.

Sheet Version History
B2: VERSION HISTORY
B3: Version | C3: Date | D3: Description of Changes | E3: Changed By | F3: Reviewed By | G3: Approved By
B4: 1.0 | C4: 46246 | D4: Initial release | E4: Christian Vinther | F4: Not formally reviewed | G4: Not formally reviewed
B5: 1.1 | C5: 46256 | D5: Final QA review; evidence references and minor wording/formatting issues corrected. | E5: Christian Vinther | F5: Self-reviewed / public-source validation | G5: Not formally approved

Sheet Questionnaire
A1: Vendor Security Assessment (AWS)
A2: # | B2: Domain | C2: Question | D2: Reviewer Assessment Note | E2: Reviewer Outcome | F2: Follow-up Required? | G2: Evidence Reference(s) | H2: Evidence Score
A3: Complete the reviewer assessment using public evidence. Select a Reviewer Outcome, record evidence references, and assign an Evidence Score (0–3). Results are calculated in the Scoring tab.
A4: 1 | B4: Governance | C4: Does the vendor maintain a documented Information Security Management System (ISMS)? | D4: AWS maintains a documented ISMS certified to ISO/IEC 27001. | E4: Verified | F4: =IF(E4="Partially Verified","Yes",IF(E4="Not Verified","Yes",IF(E4="Control Gap","Yes",IF(E4="","","No")))) -> No | G4: E-001: AWS Compliance Programs E-002: ISO/IEC 27001:2022 Compliance | H4: 3
A5: 2 | B5: Governance | C5: Has the vendor assigned formal responsibility for information security (e.g. Chief Information Security Officer or equivalent)? | D5: AWS has assigned formal responsibility for information security, including a designated Chief Information Security Officer (CISO). | E5: Verified | F5: =IF(E5="Partially Verified","Yes",IF(E5="Not Verified","Yes",IF(E5="Control Gap","Yes",IF(E5="","","No")))) -> No | G5: E-003: How AWS is simplifying security at scale: Four keys to faster innovation from AWS re:Inforce 2025 | H5: 3
A6: 3 | B6: Governance | C6: Does the vendor undergo regular independent security audits or certification assessments? | D6: AWS undergoes regular independent third-party audits and certification assessments, including SOC examinations and ISO certification audits. | E6: Verified | F6: =IF(E6="Partially Verified","Yes",IF(E6="Not Verified","Yes",IF(E6="Control Gap","Yes",IF(E6="","","No")))) -> No | G6: E-004: SOC Compliance FAQ E-005: AWS Compliance Programs | H6: 3
A7: 4 | B7: Governance | C7: Does the vendor maintain a formal information security risk management process? | D7: AWS maintains a formal risk management program that includes risk assessment, ongoing monitoring, remediation, escalation, and management oversight. | E7: Verified | F7: =IF(E7="Partially Verified","Yes",IF(E7="Not Verified","Yes",IF(E7="Control Gap","Yes",IF(E7="","","No")))) -> No | G7: E-006: AWS Risk and Compliance Program | H7: 3
A8: 5 | B8: Information Security | C8: Does the vendor support encryption of customer data at rest using industry-recognised encryption standards? | D8: AWS supports encryption of customer data at rest across services using industry-recognised encryption mechanisms, including AES-256 encryption where applicable. | E8: Verified | F8: =IF(E8="Partially Verified","Yes",IF(E8="Not Verified","Yes",IF(E8="Control Gap","Yes",IF(E8="","","No")))) -> No | G8: E-007: Encrypt Data at Rest – Navigating GDPR Compliance on AWS | H8: 3
A9: 6 | B9: Information Security | C9: Does the vendor support encryption of customer data in transit using secure communication protocols? | D9: AWS supports encryption of customer data in transit through HTTPS endpoints using TLS and provides mechanisms for customers to enforce encryption in transit across AWS services. | E9: Verified | F9: =IF(E9="Partially Verified","Yes",IF(E9="Not Verified","Yes",IF(E9="Control Gap","Yes",IF(E9="","","No")))) -> No | G9: E-008: SEC09-BP02 Enforce encryption in transit | H9: 3
A10: 7 | B10: Information Security | C10: Does the vendor implement secure vulnerability management and timely security patching? | D10: AWS operates a vulnerability management programme that continuously identifies, assesses, prioritises, and remediates vulnerabilities across its infrastructure, including risk-based security patching. | E10: Verified | F10: =IF(E10="Partially Verified","Yes",IF(E10="Not Verified","Yes",IF(E10="Control Gap","Yes",IF(E10="","","No")))) -> No | G10: E-009: Vulnerability Management on AWS | H10: 3
A11: 8 | B11: Information Security | C11: Are systems continuously monitored for security events and suspicious activity? | D11: AWS centrally logs and continuously monitors administrative activity across its systems, including real-time monitoring for unusual or suspicious activity and escalation to the AWS Security organisation. | E11: Verified | F11: =IF(E11="Partially Verified","Yes",IF(E11="Not Verified","Yes",IF(E11="Control Gap","Yes",IF(E11="","","No")))) -> No | G11: E-010: Operator Access on AWS | H11: 3
A12: 9 | B12: Privacy & Data Protection | C12: Does the vendor provide a Data Processing Addendum (DPA) supporting GDPR compliance? | D12: AWS provides a Data Processing Addendum (DPA), incorporated into the AWS Service Terms, which applies automatically to customers processing personal data and supports compliance with GDPR contractual requirements. | E12: Verified | F12: =IF(E12="Partially Verified","Yes",IF(E12="Not Verified","Yes",IF(E12="Control Gap","Yes",IF(E12="","","No")))) -> No | G12: E-011: AWS Data Processing Addendum (DPA) | H12: 3
A13: 10 | B13: Privacy & Data Protection | C13: Does the vendor provide information about the locations where customer data is processed and stored? | D13: AWS provides information about the geographic locations in which customer data is stored and processed and allows customers to select AWS Regions for their workloads. AWS states that customer data generally remains within the selected Region, subject to documented service-specific and legal exceptions. | E13: Verified | F13: =IF(E13="Partially Verified","Yes",IF(E13="Not Verified","Yes",IF(E13="Control Gap","Yes",IF(E13="","","No")))) -> No | G13: E-012: In detail – Navigating GDPR Compliance on AWS | H13: 3
A14: 11 | B14: Privacy & Data Protection | C14: Does the vendor support customers in fulfilling data subject rights requests? | D14: AWS provides capabilities and documentation to support customers in fulfilling data subject rights requests under applicable data protection laws, including the GDPR. | E14: Verified | F14: =IF(E14="Partially Verified","Yes",IF(E14="Not Verified","Yes",IF(E14="Control Gap","Yes",IF(E14="","","No")))) -> No | G14: E-013: AWS – Data Processing Addendum (DPA), Section 7 – AWS Assistance with Data Subject Requests | H14: 3
A15: 12 | B15: Identity & Access Management | C15: Does the vendor support multi-factor authentication (MFA) for privileged and administrative access to customer AWS accounts? | D15: AWS supports MFA for privileged and administrative access to customer AWS accounts through IAM and IAM Identity Center, and recommends requiring MFA for human users. | E15: Verified | F15: =IF(E15="Partially Verified","Yes",IF(E15="Not Verified","Yes",IF(E15="Control Gap","Yes",IF(E15="","","No")))) -> No | G15: E-014: Security Best Practices in IAM | H15: 3
... A23: 20 | B23: AI Governance & Model Security | C23: Does the vendor prevent customer data from being used to train or improve vendor-managed AI models without customer authorization? | D23: AWS states that customer prompts and model outputs are not used to train underlying Amazon foundation models unless the customer consents. Data provided by customers to customize a private version of an Amazon foundation model is not used to train the original underlying model. | E23: Verified | F23: =IF(E23="Partially Verified","Yes",IF(E23="Not Verified","Yes",IF(E23="Control Gap","Yes",IF(E23="","","No")))) -> No | G23: E-025: Amazon Model Training & Privacy | H23: 3

Sheet Evidence Register
A1: PUBLIC-SOURCE EVIDENCE REGISTER
A2: Evidence ID | B2: Public Evidence Source
A3: Record each public source used in the assessment and reference its Evidence ID in the Questionnaire.
A4: E-001: | B4: AWS Compliance Programs
A5: ="E-"&TEXT(ROW()-3,"000")&":" -> E-002: | B5: ISO/IEC 27001:2022 Compliance
A6: ="E-"&TEXT(ROW()-3,"000")&":" -> E-003: | B6: How AWS is simplifying security at scale: Four keys to faster innovation from AWS re:Inforce 2025
A7: ="E-"&TEXT(ROW()-3,"000")&":" -> E-004: | B7: SOC Compliance FAQ
A8: ="E-"&TEXT(ROW()-3,"000")&":" -> E-005: | B8: AWS Compliance Programs
A9: ="E-"&TEXT(ROW()-3,"000")&":" -> E-006: | B9: AWS risk and compliance program
A10: ="E-"&TEXT(ROW()-3,"000")&":" -> E-007: | B10: AWS Whitepaper - Encrypt Data at Rest
A11: ="E-"&TEXT(ROW()-3,"000")&":" -> E-008: | B11: Framework – SEC09-BP02 Enforce encryption in transit
A12: ="E-"&TEXT(ROW()-3,"000")&":" -> E-009: | B12: Vulnerability Management on AWS
A13: ="E-"&TEXT(ROW()-3,"000")&":" -> E-010: | B13: Operator Access on AWS
A14: ="E-"&TEXT(ROW()-3,"000")&":" -> E-011: | B14: AWS Data Processing Addendum (DPA)
A15: ="E-"&TEXT(ROW()-3,"000")&":" -> E-012: | B15: In detail – Navigating GDPR Compliance on AWS
A16: ="E-"&TEXT(ROW()-3,"000")&":" -> E-013: | B16: AWS – Data Processing Addendum (DPA), Section 7 – AWS Assistance with Data Subject Requests
... A28: ="E-"&TEXT(ROW()-3,"000")&":" -> E-025: | B28: Amazon Model Training & Privacy

Sheet Scoring
A1: CONTROL ASSURANCE SCORE
A3: Vendor Name: | B3: Amazon Web Services (AWS)
A4: Assessment Date: | B4: 46248
A5: Assessor: | B5: Christian Vinther
A6: Next Review Date: | B6: 46613
A8: Total Possible Score: | B8: {=SUMPRODUCT((Questionnaire!E4:E23<>"")*(Questionnaire!E4:E23<>"N/A")*3)} -> 60
A9: Score Achieved: | B9: {=SUMPRODUCT((Questionnaire!E4:E23<>"")*(Questionnaire!E4:E23<>"N/A")*Questionnaire!H4:H23)} -> 59
A10: Score %: | B10: =IF(B8=0,0,B9/B8) -> 0.98333333
A11: Assurance Rating: | B11: =IF(B10>=90%,"Strong Assurance",IF(B10>=75%,"Moderate Assurance",IF(B10>=60%,"Limited Assurance","Insufficient Assurance"))) -> Strong Assurance
A13: Score Range | B13: Assurance Level | C13: Action
A14: ≥ 90% | B14: Strong Assurance | C14: Eligible for approval, subject to any required follow-up
A15: 75–89% | B15: Moderate Assurance | C15: Additional evidence or enhanced monitoring required
A16: 60–74% | B16: Limited Assurance | C16: Remediation or compensating controls required before approval
A17: < 60% | B17: Insufficient Assurance | C17: Do not approve without remediation and formal risk acceptance
A19: EVIDENCE SCORE DEFINITIONS
A21: 3 | B21: Verified — direct, current, and scope-relevant evidence.
A22: 2 | B22: Partially Verified — relevant evidence exists, but important scope or detail is missing.
A23: 1 | B23: Not Verified — evidence is weak, indirect, outdated, or insufficient.
A24: 0 | B24: Control Gap — evidence shows that the control is absent or not met.
A25: N/A | B25: Not Applicable — excluded from scoring only when justified.
A27: SCORING LIMITATION
A29: The Control Assurance Score reflects evidence strength and does not by itself represent inherent or residual vendor risk.

Sheet Vendor Summary
A1: VENDOR ASSESSMENT SUMMARY
A2: # | B2: Vendor Name | C2: Category | D2: Assessment Date | E2: Control Assurance Score % | F2: Assurance Rating | G2: Next Review | H2: Recommended Decision
A3: 1 | B3: =Scoring!B3 -> Amazon Web Services (AWS) | C3: Cloud Infrastructure | D3: =Scoring!B4 -> 46248 | E3: =Scoring!B10 -> 0.98333333 | F3: =Scoring!B11 -> Strong Assurance | G3: =Scoring!B6 -> 46613 | H3: Conditional Approval: Confirm service-specific RTO/RPO requirements and supporting evidence.
